datetime,open,high,low,close,volume
2026-06-19 12:45:00,62460.6,62460.6,62236.1,62324.1,128.09562226
2026-06-19 12:50:00,62324.4,62790.9,62324.4,62688.8,36.24231704
2026-06-19 12:55:00,62687.5,62790.1,62661.3,62771.2,69.59176692
2026-06-19 13:00:00,62771.2,62831.4,62701.3,62823.8,7.99965561
2026-06-19 13:05:00,62823.9,62920.0,62814.4,62814.5,59.83074366
2026-06-19 13:10:00,62814.5,62814.5,62740.9,62742.2,27.27214557
2026-06-19 13:15:00,62741.0,62750.1,62618.5,62645.8,10.53213261
2026-06-19 13:20:00,62645.8,62707.7,62640.1,62684.7,0.95055228
2026-06-19 13:25:00,62684.7,62739.4,62684.7,62739.3,0.6025032
2026-06-19 13:30:00,62739.3,62781.1,62707.5,62779.5,1.20901183
2026-06-19 13:35:00,62781.7,62888.5,62759.4,62888.0,6.63281798
2026-06-19 13:40:00,62888.0,63038.6,62887.9,63018.9,12.18046334
2026-06-19 13:45:00,63018.9,63344.5,63018.9,63239.1,24.64329371
2026-06-19 13:50:00,63239.2,63239.2,63141.0,63162.7,1.45403232
2026-06-19 13:55:00,63162.6,63204.6,63123.5,63148.2,2.57098889
2026-06-19 14:00:00,63152.9,63205.9,63100.3,63172.5,4.73223846
2026-06-19 14:05:00,63168.9,63168.9,63005.9,63086.8,4.22127669
2026-06-19 14:10:00,63086.8,63103.8,62993.1,63030.3,3.30034371
2026-06-19 14:15:00,63033.4,63054.8,62958.1,63016.4,55.60193857
2026-06-19 14:20:00,63002.4,63045.2,62959.1,63035.8,2.52285178
2026-06-19 14:25:00,63035.2,63237.8,63035.2,63219.6,3.76767877
2026-06-19 14:30:00,63215.2,63240.9,63116.5,63175.8,1.20830691
2026-06-19 14:35:00,63177.5,63345.6,63177.5,63261.1,7.45741922
2026-06-19 14:40:00,63265.2,63300.0,63250.2,63251.1,10.49273636
2026-06-19 14:45:00,63251.4,63319.5,63211.7,63245.0,4.58105315
2026-06-19 14:50:00,63270.4,63270.4,63195.8,63211.7,2.05219275
2026-06-19 14:55:00,63201.8,63205.1,63150.0,63150.0,4.03301626
2026-06-19 15:00:00,63150.1,63153.8,63075.7,63075.8,1.6537009
2026-06-19 15:05:00,63075.7,63190.9,63075.7,63114.8,47.18527327
2026-06-19 15:10:00,63107.5,63141.4,63100.0,63119.5,3.40216512
2026-06-19 15:15:00,63124.5,63156.9,63052.1,63052.1,1.00632967
2026-06-19 15:20:00,63050.4,63070.6,62973.6,62981.8,2.02022902
2026-06-19 15:25:00,62970.0,63018.2,62970.0,62995.7,1.63075268
2026-06-19 15:30:00,62997.3,63140.9,62997.3,63140.9,3.20664864
2026-06-19 15:35:00,63140.9,63140.9,63042.7,63059.6,1.75872364
2026-06-19 15:40:00,63059.7,63214.7,63059.5,63181.4,2.0821051
2026-06-19 15:45:00,63187.1,63220.3,63129.2,63154.9,56.49979684
2026-06-19 15:50:00,63153.9,63181.8,63141.3,63167.5,2.96128179
2026-06-19 15:55:00,63167.4,63199.9,63135.2,63151.9,1.7576289
2026-06-19 16:00:00,63155.0,63199.1,63090.9,63092.8,1.73320159
2026-06-19 16:05:00,63111.5,63153.2,63040.9,63040.9,2.35511005
2026-06-19 16:10:00,63041.0,63327.5,63041.0,63321.4,5.77063524
2026-06-19 16:15:00,63324.4,63324.5,63204.5,63220.0,7.52405402
2026-06-19 16:20:00,63215.3,63265.8,63202.6,63257.0,9.21361906
2026-06-19 16:25:00,63256.9,63312.0,63256.9,63265.8,3.09996368
2026-06-19 16:30:00,63265.8,63314.1,63192.0,63220.0,11.18444346
2026-06-19 16:35:00,63220.0,63250.1,63208.7,63241.6,1.37856914
2026-06-19 16:40:00,63241.6,63241.6,63190.9,63191.0,0.94088298
2026-06-19 16:45:00,63190.9,63191.0,63115.1,63115.3,5.46332823
2026-06-19 16:50:00,63115.3,63115.4,62991.0,62993.5,14.86432751
2026-06-19 16:55:00,62995.1,63000.3,62884.2,62915.4,5.64273191
2026-06-19 17:00:00,62915.4,62940.5,62845.9,62858.7,1.70114224
2026-06-19 17:05:00,62859.6,62950.0,62841.0,62915.7,0.44904472
2026-06-19 17:10:00,62915.6,62948.6,62882.9,62935.1,7.36051698
2026-06-19 17:15:00,62942.8,63043.9,62932.5,63023.2,2.47255709
2026-06-19 17:20:00,63032.0,63032.0,62914.9,62918.0,19.36738345
2026-06-19 17:25:00,62911.2,62911.2,62823.4,62850.4,0.93196038
2026-06-19 17:30:00,62860.2,62990.9,62860.2,62990.9,1.70193201
2026-06-19 17:35:00,62995.4,62995.4,62952.2,62994.7,0.95010248
2026-06-19 17:40:00,62994.8,63040.9,62994.7,63034.3,2.03030831
2026-06-19 17:45:00,63034.3,63166.1,62986.3,63140.3,3.21635107
2026-06-19 17:50:00,63140.2,63156.5,63085.7,63149.1,17.27638104
2026-06-19 17:55:00,63149.0,63163.1,63115.0,63155.0,3.51751812
2026-06-19 18:00:00,63155.1,63155.1,63068.8,63079.2,7.59938381
2026-06-19 18:05:00,63088.6,63088.6,63050.6,63062.0,1.25974718
2026-06-19 18:10:00,63062.1,63091.0,63052.3,63090.9,0.82191433
2026-06-19 18:15:00,63091.0,63091.0,63052.5,63072.7,0.49272014
2026-06-19 18:20:00,63086.6,63091.0,63072.3,63072.3,1.05229966
2026-06-19 18:25:00,63065.9,63089.1,63054.0,63057.3,0.32482576
2026-06-19 18:30:00,63057.1,63103.4,63020.4,63103.4,9.91902802
2026-06-19 18:35:00,63103.3,63105.0,62940.9,62941.0,18.39897822
2026-06-19 18:40:00,62946.3,63009.8,62946.3,62994.9,1.53145487
2026-06-19 18:45:00,63001.9,63016.3,62987.2,63006.0,0.3253165
2026-06-19 18:50:00,63006.1,63017.1,62955.9,63017.1,0.45617724
2026-06-19 18:55:00,63017.0,63078.1,62987.0,63061.6,1.96829864
2026-06-19 19:00:00,63061.6,63064.5,62987.2,63031.3,3.81391039
2026-06-19 19:05:00,63043.9,63052.8,62970.8,62980.9,0.67329134
2026-06-19 19:10:00,62978.8,63001.1,62952.2,62998.7,0.31773755
2026-06-19 19:15:00,62998.8,63004.8,62954.6,62954.9,3.60494287
2026-06-19 19:20:00,62954.9,62969.5,62940.9,62947.1,0.6123262
2026-06-19 19:25:00,62947.2,62958.0,62890.9,62931.3,0.54831978
2026-06-19 19:30:00,62931.3,62952.2,62915.7,62928.3,0.40866266
2026-06-19 19:35:00,62928.2,62963.1,62914.4,62923.6,2.10093744
2026-06-19 19:40:00,62923.7,62946.0,62919.2,62945.9,5.19817559
2026-06-19 19:45:00,62945.9,62980.3,62934.0,62968.4,3.60384347
2026-06-19 19:50:00,62969.9,63065.8,62968.7,63044.5,1.76830106
2026-06-19 19:55:00,63044.6,63044.6,62945.3,62973.4,0.53414112
2026-06-19 20:00:00,62973.3,63012.3,62961.9,62967.8,1.26816872
2026-06-19 20:05:00,62961.9,63027.3,62961.8,63007.6,0.48341468
2026-06-19 20:10:00,63011.4,63024.1,63007.8,63013.8,0.32316881
2026-06-19 20:15:00,63013.7,63013.8,62966.6,62969.1,3.71480357
2026-06-19 20:20:00,62966.5,62968.3,62902.2,62963.3,1.58120021
2026-06-19 20:25:00,62966.9,63024.4,62966.9,63019.7,0.63736155
2026-06-19 20:30:00,63020.4,63036.2,62970.2,62990.5,0.91913651
2026-06-19 20:35:00,62990.5,63012.0,62982.5,62982.5,0.67318758
2026-06-19 20:40:00,62980.6,63031.8,62976.5,63031.8,1.0031389
2026-06-19 20:45:00,63036.2,63140.9,63031.8,63105.6,18.51346848
2026-06-19 20:50:00,63105.6,63140.9,63105.6,63128.9,0.96547929
2026-06-19 20:55:00,63128.9,63201.9,63125.0,63185.1,1.80207841
2026-06-19 21:00:00,63186.4,63186.4,63100.1,63103.5,1.43757936
2026-06-19 21:05:00,63103.5,63148.8,63094.2,63144.8,1.2289359
2026-06-19 21:10:00,63144.7,63201.9,63144.7,63201.8,2.39779638
2026-06-19 21:15:00,63201.7,63201.7,63182.5,63183.5,0.69911499
2026-06-19 21:20:00,63183.6,63184.0,63140.1,63154.8,0.58859885
2026-06-19 21:25:00,63154.8,63154.8,63097.9,63100.3,1.17639904
2026-06-19 21:30:00,63101.1,63112.3,63070.7,63070.7,1.17848993
2026-06-19 21:35:00,63070.6,63098.8,63053.5,63053.5,0.51505612
2026-06-19 21:40:00,63053.5,63073.1,63040.9,63040.9,1.72794237
2026-06-19 21:45:00,63040.9,63070.3,63040.9,63058.7,0.8286644
2026-06-19 21:50:00,63058.4,63070.3,63009.0,63015.5,1.02781875
2026-06-19 21:55:00,63015.5,63015.5,62995.7,63013.3,0.81627368
2026-06-19 22:00:00,63013.4,63053.3,62997.5,63015.9,1.24591566
2026-06-19 22:05:00,63025.3,63025.4,62991.9,63017.5,1.17369006
2026-06-19 22:10:00,63017.4,63040.1,62997.0,63037.5,0.46085452
2026-06-19 22:15:00,63037.4,63127.4,63037.3,63126.2,4.86376485
2026-06-19 22:20:00,63126.2,63232.2,63126.1,63220.6,5.73508531
2026-06-19 22:25:00,63220.6,63236.0,63204.4,63204.8,1.61949036
2026-06-19 22:30:00,63204.8,63204.8,63186.7,63201.7,0.65647718
2026-06-19 22:35:00,63201.7,63212.4,63167.5,63212.3,2.23437738
2026-06-19 22:40:00,63217.2,63255.0,63202.9,63255.0,11.88904115
2026-06-19 22:45:00,63254.9,63300.5,63249.0,63300.0,11.82134631
2026-06-19 22:50:00,63300.1,63300.1,63253.4,63284.5,10.14011748
2026-06-19 22:55:00,63284.5,63286.8,63249.8,63250.0,0.42011418
2026-06-19 23:00:00,63250.0,63276.1,63230.4,63239.6,5.39536903
2026-06-19 23:05:00,63237.4,63237.4,63230.9,63237.4,0.25726398
2026-06-19 23:10:00,63237.3,63237.3,63219.8,63230.0,0.22433853
2026-06-19 23:15:00,63229.9,63230.0,63222.1,63230.0,2.46446933
2026-06-19 23:20:00,63237.4,63242.0,63225.5,63241.9,0.23082504
2026-06-19 23:25:00,63242.0,63276.0,63234.2,63256.5,0.59916438
2026-06-19 23:30:00,63257.5,63290.0,63245.8,63279.8,0.51282403
2026-06-19 23:35:00,63279.7,63291.7,63251.5,63270.4,10.8866396
2026-06-19 23:40:00,63271.6,63278.4,63250.4,63278.4,12.40246687
2026-06-19 23:45:00,63276.0,63276.0,63242.5,63272.3,0.43950866
2026-06-19 23:50:00,63269.4,63294.1,63246.6,63284.9,2.34477673
2026-06-19 23:55:00,63281.1,63590.9,63281.1,63486.4,37.73210236
2026-06-20 00:00:00,63486.3,63546.5,63470.2,63470.2,3.92643553
2026-06-20 00:05:00,63470.1,63521.0,63415.5,63453.7,3.66161925
2026-06-20 00:10:00,63453.6,63460.3,63412.0,63460.3,0.54443586
2026-06-20 00:15:00,63460.3,63494.5,63442.3,63442.3,0.1866454
2026-06-20 00:20:00,63442.4,63470.3,63412.0,63470.3,0.50844421
2026-06-20 00:25:00,63470.3,63579.8,63470.3,63558.0,12.4173206
2026-06-20 00:30:00,63558.0,63719.6,63527.3,63712.1,26.29066794
2026-06-20 00:35:00,63712.1,63717.6,63536.8,63536.9,26.30373194
2026-06-20 00:40:00,63536.8,63560.1,63483.0,63560.1,6.33097397
2026-06-20 00:45:00,63560.0,63560.0,63490.2,63534.3,18.50648793
2026-06-20 00:50:00,63534.2,63534.3,63470.9,63534.2,2.65476364
2026-06-20 00:55:00,63534.3,63534.3,63474.4,63474.4,0.32332936
2026-06-20 01:00:00,63474.4,63477.3,63440.9,63446.5,0.92573948
2026-06-20 01:05:00,63446.5,63471.8,63390.9,63391.0,1.08695083
2026-06-20 01:10:00,63390.9,63404.5,63376.8,63394.8,4.72882294
2026-06-20 01:15:00,63394.7,63423.6,63384.1,63422.9,0.39654845
2026-06-20 01:20:00,63423.5,63446.4,63407.1,63407.1,3.43678872
2026-06-20 01:25:00,63407.1,63460.9,63346.8,63460.9,0.45979434
2026-06-20 01:30:00,63460.9,63560.0,63452.2,63531.6,2.80917475
2026-06-20 01:35:00,63531.5,63548.6,63494.5,63548.6,0.58380198
2026-06-20 01:40:00,63548.5,63548.5,63480.1,63510.7,0.93769149
2026-06-20 01:45:00,63510.6,63529.8,63494.7,63509.3,4.3842488
2026-06-20 01:50:00,63509.3,63525.5,63506.2,63514.7,2.6628702
2026-06-20 01:55:00,63514.8,63516.8,63510.6,63512.2,0.23175699
2026-06-20 02:00:00,63512.1,63512.1,63461.6,63465.8,1.15721438
2026-06-20 02:05:00,63465.9,63465.9,63440.9,63441.4,0.84822368
2026-06-20 02:10:00,63441.4,63441.4,63413.5,63413.5,0.18630122
2026-06-20 02:15:00,63413.6,63413.6,63350.0,63353.0,0.92414138
2026-06-20 02:20:00,63353.0,63353.1,63353.0,63353.1,0.10350258
2026-06-20 02:25:00,63353.1,63374.1,63350.1,63355.0,15.97960907
2026-06-20 02:30:00,63355.0,63434.0,63354.9,63421.7,0.62266925
2026-06-20 02:35:00,63421.5,63421.6,63323.4,63338.3,4.85850506
2026-06-20 02:40:00,63338.3,63338.5,63322.7,63338.5,0.32787596
2026-06-20 02:45:00,63341.2,63367.0,63338.6,63338.6,0.22668082
2026-06-20 02:50:00,63335.5,63354.1,63293.0,63312.9,7.86810952
2026-06-20 02:55:00,63312.8,63312.8,63290.9,63291.0,0.20498165
2026-06-20 03:00:00,63291.0,63323.9,63280.0,63304.9,2.05767322
2026-06-20 03:05:00,63304.9,63304.9,63280.0,63280.0,0.19575267
2026-06-20 03:10:00,63280.1,63304.8,63280.1,63303.5,0.26720489
2026-06-20 03:15:00,63301.3,63354.0,63301.2,63353.2,0.33871482
2026-06-20 03:20:00,63353.2,63379.9,63326.4,63379.9,1.91976974
2026-06-20 03:25:00,63390.9,63390.9,63380.1,63380.2,0.17924002
2026-06-20 03:30:00,63380.1,63390.9,63368.2,63368.3,0.14525792
2026-06-20 03:35:00,63368.2,63411.9,63358.0,63411.9,1.31752993
2026-06-20 03:40:00,63411.8,63453.7,63411.8,63429.8,1.34863794
2026-06-20 03:45:00,63427.5,63427.5,63399.4,63425.6,1.24888137
2026-06-20 03:50:00,63425.7,63436.2,63392.8,63392.8,0.22555693
2026-06-20 03:55:00,63392.9,63410.9,63379.1,63410.9,0.16439594
2026-06-20 04:00:00,63410.9,63435.9,63369.2,63369.3,6.77425515
2026-06-20 04:05:00,63369.3,63404.4,63363.8,63363.8,3.69512567
2026-06-20 04:10:00,63363.7,63363.8,63356.2,63356.3,1.20308204
2026-06-20 04:15:00,63356.4,63431.0,63356.3,63431.0,0.5899326
2026-06-20 04:20:00,63431.0,63443.0,63423.5,63442.8,2.21849929
2026-06-20 04:25:00,63442.7,63490.9,63442.7,63490.8,0.52668817
2026-06-20 04:30:00,63490.9,63490.9,63452.3,63459.5,0.62657399
2026-06-20 04:35:00,63470.5,63490.9,63451.4,63485.0,0.16266534
2026-06-20 04:40:00,63485.5,63540.9,63485.4,63540.9,0.37784414
2026-06-20 04:45:00,63540.8,63540.9,63490.0,63527.0,0.35672837
2026-06-20 04:50:00,63527.0,63539.8,63503.7,63510.3,1.45535966
2026-06-20 04:55:00,63510.2,63510.4,63494.6,63510.4,0.31024882
2026-06-20 05:00:00,63512.8,63540.7,63482.4,63512.3,0.33791037
2026-06-20 05:05:00,63512.3,63655.1,63501.2,63637.3,13.2664799
2026-06-20 05:10:00,63637.3,63824.3,63637.2,63750.4,67.52745827
2026-06-20 05:15:00,63750.4,63750.4,63671.7,63676.2,1.79450955
2026-06-20 05:20:00,63676.2,63676.2,63648.7,63657.6,1.26066295
2026-06-20 05:25:00,63657.7,63657.7,63577.4,63577.4,0.80888472
2026-06-20 05:30:00,63577.5,63653.2,63577.4,63599.7,0.89469097
2026-06-20 05:35:00,63599.7,63633.1,63599.7,63624.2,0.29908289
2026-06-20 05:40:00,63624.1,63624.1,63581.8,63586.5,0.21310625
2026-06-20 05:45:00,63586.5,63611.6,63540.9,63564.1,0.86926756
2026-06-20 05:50:00,63564.1,63624.2,63541.0,63624.1,0.14482792
2026-06-20 05:55:00,63624.2,63624.2,63606.7,63622.6,1.75841438
2026-06-20 06:00:00,63622.6,63645.5,63605.2,63619.2,0.18947899
2026-06-20 06:05:00,63619.2,63643.1,63589.8,63589.8,0.17119856
2026-06-20 06:10:00,63588.5,63609.0,63588.4,63591.5,0.3046646
2026-06-20 06:15:00,63613.8,63613.8,63587.0,63603.6,0.10917279
2026-06-20 06:20:00,63599.0,63670.2,63599.0,63654.8,0.74361683
2026-06-20 06:25:00,63648.8,63648.8,63608.1,63638.1,0.1809907
2026-06-20 06:30:00,63638.2,63638.2,63638.1,63638.2,0.06281437
2026-06-20 06:35:00,63638.2,63674.1,63638.1,63674.0,0.79830988
2026-06-20 06:40:00,63674.0,63690.0,63644.5,63690.0,0.45704926
2026-06-20 06:45:00,63689.9,63690.0,63664.8,63679.2,0.14616194
2026-06-20 06:50:00,63679.9,63685.3,63672.6,63682.0,1.19406725
2026-06-20 06:55:00,63681.9,63682.0,63668.6,63668.6,0.24319359
2026-06-20 07:00:00,63668.7,63668.7,63588.4,63594.0,2.60192736
2026-06-20 07:05:00,63591.7,63591.7,63541.0,63578.5,0.43921656
2026-06-20 07:10:00,63578.5,63609.4,63575.0,63603.6,0.40056104
2026-06-20 07:15:00,63606.7,63668.8,63606.6,63668.8,0.27953252
2026-06-20 07:20:00,63668.9,63726.9,63663.1,63723.9,0.64756673
2026-06-20 07:25:00,63716.1,63716.2,63685.3,63713.4,0.36293347
2026-06-20 07:30:00,63713.5,63729.1,63662.6,63662.6,0.52049819
2026-06-20 07:35:00,63663.7,63700.0,63663.6,63698.8,0.29300101
2026-06-20 07:40:00,63700.0,63722.8,63699.9,63700.0,0.18080697
2026-06-20 07:45:00,63685.4,63705.7,63652.5,63652.5,0.2867309
2026-06-20 07:50:00,63653.4,63683.0,63644.3,63644.3,0.26271941
2026-06-20 07:55:00,63634.2,63645.9,63599.3,63599.4,0.15572338
2026-06-20 08:00:00,63599.4,63599.4,63447.3,63583.3,2.89836199
2026-06-20 08:05:00,63580.3,63580.3,63483.7,63483.8,0.21998994
2026-06-20 08:10:00,63483.8,63483.8,63483.7,63483.8,0.24500964
2026-06-20 08:15:00,63483.8,63516.7,63483.8,63498.1,0.20520535
2026-06-20 08:20:00,63498.1,63498.1,63450.2,63464.0,0.29669906
2026-06-20 08:25:00,63464.0,63464.0,63423.5,63423.5,0.91025822
2026-06-20 08:30:00,63423.6,63423.6,63391.8,63421.7,0.17612041
2026-06-20 08:35:00,63423.4,63423.5,63381.9,63400.6,4.52406377
2026-06-20 08:40:00,63416.8,63416.8,63400.0,63400.1,0.12999969
2026-06-20 08:45:00,63400.0,63400.1,63344.5,63354.4,1.09153994
2026-06-20 08:50:00,63361.8,63361.8,63340.9,63350.4,0.04777014
2026-06-20 08:55:00,63351.7,63384.6,63351.7,63360.6,0.09337764
2026-06-20 09:00:00,63360.7,63418.3,63360.1,63400.1,3.41343008
2026-06-20 09:05:00,63402.2,63437.7,63387.2,63407.9,1.96383082
2026-06-20 09:10:00,63407.6,63469.6,63398.9,63469.5,3.48189306
2026-06-20 09:15:00,63469.6,63474.7,63445.5,63453.8,0.60934836
2026-06-20 09:20:00,63455.3,63517.5,63455.3,63517.5,1.08537825
2026-06-20 09:25:00,63514.1,63514.1,63477.5,63501.1,0.32324292
2026-06-20 09:30:00,63501.1,63540.9,63501.1,63540.9,0.17495933
2026-06-20 09:35:00,63540.9,63602.1,63540.9,63577.2,0.7822735
2026-06-20 09:40:00,63581.3,63640.9,63578.9,63639.8,0.53339762
2026-06-20 09:45:00,63639.8,63639.9,63580.8,63590.1,1.57859319
2026-06-20 09:50:00,63592.1,63666.4,63592.1,63666.4,3.2906475
2026-06-20 09:55:00,63666.4,63715.8,63666.4,63673.0,2.95900396
2026-06-20 10:00:00,63673.4,63699.4,63638.7,63684.6,0.44950282
2026-06-20 10:05:00,63679.0,63708.7,63630.6,63634.5,0.29425162
2026-06-20 10:10:00,63634.6,63634.6,63634.1,63634.1,0.11085545
2026-06-20 10:15:00,63634.2,63653.4,63632.7,63634.7,0.35339386
2026-06-20 10:20:00,63630.2,63630.3,63590.9,63591.0,0.15639951
2026-06-20 10:25:00,63590.9,63624.3,63590.9,63620.0,1.21838568
2026-06-20 10:30:00,63620.0,63620.0,63584.7,63584.9,4.35358019
2026-06-20 10:35:00,63584.7,63584.7,63541.2,63549.7,1.18239618
2026-06-20 10:40:00,63555.0,63555.0,63540.9,63541.1,0.15309669
2026-06-20 10:45:00,63541.1,63604.1,63541.1,63602.9,0.4407949
2026-06-20 10:50:00,63596.2,63596.3,63571.7,63588.5,0.11805103
2026-06-20 10:55:00,63588.6,63612.2,63588.6,63603.1,1.09770222
2026-06-20 11:00:00,63603.1,63647.3,63602.8,63602.8,0.99774711
2026-06-20 11:05:00,63602.8,63607.0,63555.3,63589.7,0.39617616
2026-06-20 11:10:00,63599.9,63599.9,63587.1,63589.6,0.18183742
2026-06-20 11:15:00,63589.5,63640.0,63589.5,63607.1,0.65880607
2026-06-20 11:20:00,63607.4,63669.8,63607.3,63669.8,2.81730631
2026-06-20 11:25:00,63669.7,63669.7,63636.2,63637.4,0.22494068
2026-06-20 11:30:00,63636.2,63638.6,63630.6,63634.3,0.08803275
2026-06-20 11:35:00,63634.2,63644.0,63634.2,63644.0,0.06248557
2026-06-20 11:40:00,63643.9,63679.9,63643.9,63668.7,2.48149783
2026-06-20 11:45:00,63668.6,63689.5,63653.7,63689.4,0.29206427
2026-06-20 11:50:00,63689.5,63727.3,63629.6,63629.6,1.93794193
2026-06-20 11:55:00,63629.7,63629.7,63629.6,63629.6,0.15131795
2026-06-20 12:00:00,63629.7,63632.7,63629.6,63632.7,0.06450041
2026-06-20 12:05:00,63632.6,63720.4,63612.2,63720.4,6.86354157
2026-06-20 12:10:00,63720.3,63720.4,63668.8,63695.9,4.63972664
2026-06-20 12:15:00,63693.6,63703.1,63663.7,63690.1,0.43338065
2026-06-20 12:20:00,63690.1,63691.3,63650.2,63691.2,5.55015185
2026-06-20 12:25:00,63691.2,63691.3,63671.8,63671.9,0.44644382
2026-06-20 12:30:00,63671.9,63671.9,63619.3,63623.4,0.64498624
2026-06-20 12:35:00,63625.3,63625.3,63534.2,63535.3,2.10138553
2026-06-20 12:40:00,63538.3,63563.8,63538.2,63563.8,16.07856076
2026-06-20 12:45:00,63563.7,63563.8,63538.4,63539.4,1.98568929
2026-06-20 12:50:00,63540.4,63540.4,63500.0,63515.4,0.26070052
2026-06-20 12:55:00,63515.3,63597.9,63515.3,63593.7,1.30105621
2026-06-20 13:00:00,63593.7,63593.7,63537.6,63571.2,5.29994394
2026-06-20 13:05:00,63571.2,63578.1,63571.1,63577.0,0.17008596
2026-06-20 13:10:00,63571.2,63571.2,63539.1,63539.1,5.24080593
2026-06-20 13:15:00,63539.1,63556.6,63485.5,63488.0,1.09982574
2026-06-20 13:20:00,63477.5,63480.4,63251.0,63287.6,13.2163568
2026-06-20 13:25:00,63284.8,63298.9,63226.9,63257.8,1.22387184
2026-06-20 13:30:00,63275.1,63340.9,63275.1,63308.1,8.72126492
2026-06-20 13:35:00,63304.5,63403.9,63301.4,63401.3,1.61925485
2026-06-20 13:40:00,63401.4,63404.4,63401.3,63401.4,0.49401356
2026-06-20 13:45:00,63401.3,63428.3,63379.4,63428.2,1.83212839
2026-06-20 13:50:00,63428.3,63428.3,63329.4,63335.4,0.51564415
2026-06-20 13:55:00,63335.2,63357.9,63312.1,63348.1,1.16140418
2026-06-20 14:00:00,63345.1,63356.3,63279.9,63279.9,4.98384511
2026-06-20 14:05:00,63280.1,63280.1,63171.1,63180.5,9.98521567
2026-06-20 14:10:00,63180.5,63210.9,63141.3,63148.4,5.46380645
2026-06-20 14:15:00,63148.5,63269.7,63148.4,63269.7,1.78034857
2026-06-20 14:20:00,63258.1,63290.9,63228.9,63290.9,1.4244745
2026-06-20 14:25:00,63290.9,63290.9,63277.6,63290.9,0.28210509
2026-06-20 14:30:00,63290.9,63348.5,63284.7,63348.5,4.38963582
2026-06-20 14:35:00,63348.4,63390.9,63308.0,63342.0,34.50218888
2026-06-20 14:40:00,63342.2,63440.9,63286.1,63440.9,5.07098167
2026-06-20 14:45:00,63438.1,64141.1,63432.8,63862.2,64.30027636
2026-06-20 14:50:00,63878.7,63942.5,63796.2,63841.7,13.91919564
2026-06-20 14:55:00,63841.1,63919.8,63841.1,63892.7,2.96197795
2026-06-20 15:00:00,63892.7,63966.7,63834.7,63966.7,8.23067199
2026-06-20 15:05:00,63960.5,63960.5,63814.4,63827.6,1.13128802
2026-06-20 15:10:00,63823.9,63934.7,63790.9,63916.7,1.35015222
2026-06-20 15:15:00,63933.9,64260.8,63907.4,64180.0,53.81980941
2026-06-20 15:20:00,64164.5,64336.4,64115.9,64160.2,13.05719867
2026-06-20 15:25:00,64159.5,64159.6,64112.7,64117.9,0.64748934
2026-06-20 15:30:00,64117.9,64141.5,64040.9,64074.1,7.66355825
2026-06-20 15:35:00,64081.0,64081.0,64026.0,64060.4,6.10518587
2026-06-20 15:40:00,64058.9,64060.6,64012.5,64045.4,2.22556
2026-06-20 15:45:00,64043.4,64137.9,64043.3,64083.5,0.69292471
2026-06-20 15:50:00,64083.5,64083.6,64023.0,64035.6,0.92577474
2026-06-20 15:55:00,64035.7,64074.1,64014.9,64074.1,2.17276071
2026-06-20 16:00:00,64075.0,64103.3,63949.6,63956.3,2.04718066
2026-06-20 16:05:00,63966.0,63975.4,63949.5,63975.4,3.24783878
2026-06-20 16:10:00,63975.4,63976.2,63911.1,63922.8,4.39575345
2026-06-20 16:15:00,63922.7,63988.6,63922.7,63957.6,4.5750342
2026-06-20 16:20:00,63957.6,64035.8,63924.7,63975.4,0.20753476
2026-06-20 16:25:00,63976.2,64011.4,63909.9,63932.9,2.45467957
2026-06-20 16:30:00,63933.8,63933.8,63857.6,63877.4,0.8199247
2026-06-20 16:35:00,63877.4,63984.1,63849.8,63984.1,0.49590532
2026-06-20 16:40:00,63982.5,63982.5,63937.2,63937.4,1.45893055
2026-06-20 16:45:00,63937.4,63967.0,63900.7,63955.8,2.69957281
2026-06-20 16:50:00,63950.2,63982.8,63950.2,63954.9,0.38067651
2026-06-20 16:55:00,63954.9,63954.9,63929.7,63951.9,1.54410699
2026-06-20 17:00:00,63960.6,63960.6,63886.3,63894.3,0.50518772
2026-06-20 17:05:00,63894.3,63894.3,63840.9,63840.9,0.54469596
2026-06-20 17:10:00,63840.9,63882.7,63833.8,63882.7,0.45278925
2026-06-20 17:15:00,63885.6,63885.6,63819.3,63853.3,0.31304397
2026-06-20 17:20:00,63864.2,63884.3,63825.8,63836.4,2.46848544
2026-06-20 17:25:00,63838.6,63920.3,63806.6,63920.3,0.94547027
2026-06-20 17:30:00,63920.4,63953.0,63890.2,63936.6,0.71415235
2026-06-20 17:35:00,63936.6,63936.7,63690.9,63759.5,20.42061731
2026-06-20 17:40:00,63762.3,63814.2,63741.6,63786.8,0.82451495
2026-06-20 17:45:00,63786.7,63799.8,63733.1,63781.7,0.99343711
2026-06-20 17:50:00,63781.7,63781.7,63758.0,63766.4,0.85861027
2026-06-20 17:55:00,63766.3,63797.0,63766.3,63781.4,0.86841085
2026-06-20 18:00:00,63771.6,63840.9,63771.5,63816.3,0.89558922
2026-06-20 18:05:00,63816.2,63816.3,63722.8,63756.3,2.5684521
2026-06-20 18:10:00,63756.4,63814.5,63756.4,63756.7,0.3074131
2026-06-20 18:15:00,63756.6,63785.6,63756.6,63781.0,0.19899481
2026-06-20 18:20:00,63784.9,63793.8,63760.3,63793.8,0.78302623
2026-06-20 18:25:00,63793.8,63797.1,63784.9,63796.4,0.22489242
2026-06-20 18:30:00,63792.8,63797.1,63773.7,63782.8,0.28997748
2026-06-20 18:35:00,63782.7,63787.9,63759.1,63787.9,0.31671007
2026-06-20 18:40:00,63787.8,63787.8,63714.5,63731.4,6.07130765
2026-06-20 18:45:00,63742.0,63762.8,63734.4,63756.0,0.5945179
2026-06-20 18:50:00,63755.9,63755.9,63725.5,63725.6,1.77079937
2026-06-20 18:55:00,63725.6,63725.6,63725.5,63725.6,0.14221265
2026-06-20 19:00:00,63725.6,63800.0,63725.5,63783.3,3.45182989
2026-06-20 19:05:00,63783.2,63810.3,63750.1,63810.3,1.16323613
2026-06-20 19:10:00,63810.3,63840.9,63810.3,63822.1,0.43465894
2026-06-20 19:15:00,63832.3,63839.0,63798.9,63808.0,0.38581752
2026-06-20 19:20:00,63832.2,63836.7,63820.8,63835.0,0.24599361
2026-06-20 19:25:00,63835.0,63850.1,63784.7,63795.0,2.49367852
2026-06-20 19:30:00,63795.0,63828.7,63784.6,63820.1,0.22288454
2026-06-20 19:35:00,63820.0,63820.1,63820.0,63820.0,0.57119608
2026-06-20 19:40:00,63820.1,63888.0,63820.0,63870.6,1.58756164
2026-06-20 19:45:00,63870.7,63883.1,63849.6,63860.8,2.55129148
2026-06-20 19:50:00,63860.8,63860.8,63860.7,63860.8,0.07473033
2026-06-20 19:55:00,63860.8,63870.1,63860.7,63867.6,1.327609
2026-06-20 20:00:00,63867.4,63888.0,63860.1,63860.1,0.1643318
2026-06-20 20:05:00,63860.2,63888.0,63860.1,63887.9,1.15406769
2026-06-20 20:10:00,63881.0,63888.0,63880.9,63888.0,0.73660599
2026-06-20 20:15:00,63888.0,63888.0,63869.3,63888.0,0.29045109
2026-06-20 20:20:00,63887.9,63888.0,63867.9,63867.9,0.40895393
2026-06-20 20:25:00,63868.0,63873.4,63844.0,63844.1,0.77835209
2026-06-20 20:30:00,63844.1,63844.1,63800.0,63800.1,2.57215761
2026-06-20 20:35:00,63800.1,63802.5,63799.9,63800.0,1.19837004
2026-06-20 20:40:00,63799.9,63822.2,63799.9,63801.6,1.05083277
2026-06-20 20:45:00,63801.6,63810.0,63801.6,63810.0,2.49505105
2026-06-20 20:50:00,63810.0,63853.6,63809.9,63853.6,0.97246753
2026-06-20 20:55:00,63853.6,63853.6,63839.6,63839.6,0.38088071
2026-06-20 21:00:00,63839.7,63879.0,63839.6,63867.2,3.63752085
2026-06-20 21:05:00,63862.0,63865.8,63849.4,63865.7,0.54839085
2026-06-20 21:10:00,63865.8,63955.8,63865.7,63916.6,2.61610416
2026-06-20 21:15:00,63916.5,63916.6,63872.7,63885.5,0.47710212
2026-06-20 21:20:00,63885.5,63885.5,63856.5,63878.0,0.50469958
2026-06-20 21:25:00,63895.8,63900.0,63847.8,63862.7,0.39351219
2026-06-20 21:30:00,63862.8,63870.5,63853.7,63868.9,0.23746414
2026-06-20 21:35:00,63868.1,63877.8,63867.8,63877.8,0.7389238
2026-06-20 21:40:00,63877.8,63956.8,63877.7,63956.2,1.89199232
2026-06-20 21:45:00,63956.1,63972.1,63925.9,63971.1,0.5978806
2026-06-20 21:50:00,63971.1,64026.0,63949.6,63957.7,2.75556411
2026-06-20 21:55:00,63957.7,63957.7,63935.4,63935.5,0.53492567
2026-06-20 22:00:00,63935.5,63973.5,63914.7,63965.0,0.61334693
2026-06-20 22:05:00,63961.6,63968.7,63942.5,63961.9,5.34396598
2026-06-20 22:10:00,63961.0,64080.1,63935.0,64065.4,6.66297953
2026-06-20 22:15:00,64065.4,64065.5,64009.1,64025.6,0.39019115
2026-06-20 22:20:00,64025.6,64126.2,64018.2,64126.2,2.46242342
2026-06-20 22:25:00,64126.2,64234.0,64095.1,64224.8,7.28180681
2026-06-20 22:30:00,64225.7,64264.9,64184.1,64246.3,3.09462687
2026-06-20 22:35:00,64246.2,64246.3,64165.8,64187.8,0.42826441
2026-06-20 22:40:00,64187.1,64230.0,64180.6,64180.7,3.79900024
2026-06-20 22:45:00,64204.7,64210.1,64174.2,64210.1,0.20226179
2026-06-20 22:50:00,64210.1,64231.8,64205.4,64224.1,3.20121372
2026-06-20 22:55:00,64218.2,64239.2,64205.2,64205.2,2.53610093
2026-06-20 23:00:00,64205.2,64209.5,64177.7,64209.5,0.57655999
2026-06-20 23:05:00,64209.7,64212.8,64182.7,64204.3,0.61276724
2026-06-20 23:10:00,64204.2,64204.3,64197.8,64197.9,0.18875789
2026-06-20 23:15:00,64197.9,64241.9,64197.8,64214.8,13.26874783
2026-06-20 23:20:00,64214.7,64214.8,64191.3,64194.6,0.18432135
2026-06-20 23:25:00,64194.6,64194.6,64194.5,64194.5,0.11133197
2026-06-20 23:30:00,64195.6,64244.0,64177.5,64177.5,9.49694747
2026-06-20 23:35:00,64177.8,64239.1,64177.7,64238.6,0.29156539
2026-06-20 23:40:00,64238.5,64255.2,64217.1,64255.2,2.68285805
2026-06-20 23:45:00,64255.1,64255.2,64213.5,64220.9,1.26034701
2026-06-20 23:50:00,64222.1,64244.4,64209.1,64244.3,0.41534464
2026-06-20 23:55:00,64240.3,64251.6,64227.3,64250.1,7.32537306
2026-06-21 00:00:00,64250.1,64250.1,64164.2,64172.3,33.58244632
2026-06-21 00:05:00,64172.2,64207.1,64172.2,64187.9,1.65366108
2026-06-21 00:10:00,64187.9,64188.1,64184.3,64188.0,1.29511667
2026-06-21 00:15:00,64188.1,64188.1,64161.5,64170.9,0.26242006
2026-06-21 00:20:00,64170.9,64223.1,64170.8,64188.1,0.25765036
2026-06-21 00:25:00,64188.1,64191.5,64167.2,64191.5,0.20665302
2026-06-21 00:30:00,64195.1,64195.1,64181.5,64185.0,0.18742915
2026-06-21 00:35:00,64186.1,64237.6,64186.0,64223.5,0.22948675
2026-06-21 00:40:00,64218.8,64234.0,64199.6,64228.7,3.37921654
2026-06-21 00:45:00,64228.6,64228.7,64185.7,64208.6,1.73493826
2026-06-21 00:50:00,64223.0,64242.6,64222.9,64223.0,0.29058031
2026-06-21 00:55:00,64214.0,64216.9,64208.1,64216.9,0.55641385
2026-06-21 01:00:00,64216.9,64232.3,64209.1,64209.1,0.27155614
2026-06-21 01:05:00,64209.1,64221.7,64191.6,64201.0,0.51899964
2026-06-21 01:10:00,64203.9,64204.0,64183.0,64183.1,0.17755033
2026-06-21 01:15:00,64183.1,64183.1,64183.0,64183.0,0.13167624
2026-06-21 01:20:00,64183.1,64183.1,64165.3,64172.3,0.6734913
2026-06-21 01:25:00,64172.3,64172.3,64159.8,64162.6,1.11705041
2026-06-21 01:30:00,64162.6,64162.6,64132.1,64156.2,0.28789321
2026-06-21 01:35:00,64156.6,64213.4,64156.5,64156.6,0.87268699
2026-06-21 01:40:00,64156.6,64177.1,64146.8,64177.1,0.70008414
2026-06-21 01:45:00,64177.0,64240.0,64177.0,64200.0,0.60854521
2026-06-21 01:50:00,64180.3,64211.8,64180.2,64192.9,0.4969023
2026-06-21 01:55:00,64193.0,64193.0,64179.4,64188.3,0.35658219
2026-06-21 02:00:00,64187.2,64187.2,64150.8,64180.7,0.7017736
2026-06-21 02:05:00,64186.4,64186.4,64153.2,64175.3,0.27874868
2026-06-21 02:10:00,64175.3,64180.9,64158.4,64180.9,0.46248314
2026-06-21 02:15:00,64180.8,64180.9,64162.8,64168.8,0.81890483
2026-06-21 02:20:00,64168.8,64168.9,64139.8,64146.9,0.73779204
2026-06-21 02:25:00,64146.9,64152.7,64146.8,64152.7,0.15848221
2026-06-21 02:30:00,64152.6,64165.9,64152.6,64165.9,0.1101454
2026-06-21 02:35:00,64165.9,64187.2,64165.9,64175.6,0.39094871
2026-06-21 02:40:00,64175.7,64175.7,64150.3,64175.6,0.48941032
2026-06-21 02:45:00,64175.6,64193.5,64175.6,64193.5,0.27172968
2026-06-21 02:50:00,64193.5,64193.5,64174.8,64189.4,0.29059978
2026-06-21 02:55:00,64189.5,64189.5,64185.9,64185.9,0.08995974
2026-06-21 03:00:00,64185.9,64185.9,64172.4,64172.5,0.14967705
2026-06-21 03:05:00,64172.5,64178.6,64162.7,64178.6,1.01367586
2026-06-21 03:10:00,64181.6,64218.0,64181.6,64216.9,0.27282187
2026-06-21 03:15:00,64217.0,64245.8,64211.6,64224.7,0.81264669
2026-06-21 03:20:00,64223.7,64400.0,64223.6,64351.6,14.0632049
2026-06-21 03:25:00,64339.2,64352.3,64277.5,64282.5,0.65446289
2026-06-21 03:30:00,64280.0,64307.3,64220.7,64288.2,0.50952581
2026-06-21 03:35:00,64288.2,64368.7,64246.0,64343.9,3.77109974
2026-06-21 03:40:00,64343.9,64369.2,64343.8,64369.2,2.5256368
2026-06-21 03:45:00,64369.2,64369.2,64343.0,64360.6,0.94061358
2026-06-21 03:50:00,64360.6,64360.6,64328.4,64354.2,2.28610671
2026-06-21 03:55:00,64333.5,64361.1,64333.5,64356.7,0.25324252
2026-06-21 04:00:00,64356.7,64356.7,64332.3,64332.4,0.58445482
2026-06-21 04:05:00,64332.4,64332.4,64322.8,64322.9,0.16548312
2026-06-21 04:10:00,64322.9,64322.9,64311.1,64316.1,0.24274068
2026-06-21 04:15:00,64316.1,64369.2,64316.0,64359.9,0.28869273
2026-06-21 04:20:00,64359.9,64427.0,64359.9,64418.4,2.1460026
2026-06-21 04:25:00,64418.5,64482.3,64402.0,64457.3,3.22500143
2026-06-21 04:30:00,64457.3,64471.4,64428.8,64460.4,4.25817751
2026-06-21 04:35:00,64460.4,64493.6,64406.1,64448.7,9.61506313
2026-06-21 04:40:00,64448.7,64448.7,64413.0,64415.9,0.34824975
2026-06-21 04:45:00,64415.8,64415.9,64390.0,64390.1,0.1650242
2026-06-21 04:50:00,64390.0,64390.0,64247.5,64247.7,1.12379055
2026-06-21 04:55:00,64247.7,64255.0,64198.0,64199.9,0.81405438
2026-06-21 05:00:00,64200.0,64224.9,64191.3,64194.9,0.69901834
2026-06-21 05:05:00,64195.0,64195.0,64175.0,64188.2,5.43955229
2026-06-21 05:10:00,64188.2,64188.2,64162.1,64166.3,0.09183631
2026-06-21 05:15:00,64166.3,64166.3,64156.5,64159.4,0.28290751
2026-06-21 05:20:00,64159.5,64199.6,64156.4,64190.5,0.91568812
2026-06-21 05:25:00,64190.5,64214.4,64190.4,64214.4,0.12674809
2026-06-21 05:30:00,64214.3,64239.1,64208.1,64232.9,0.09796402
2026-06-21 05:35:00,64232.9,64280.5,64232.8,64280.5,0.53432139
2026-06-21 05:40:00,64280.4,64280.4,64233.1,64233.1,0.67153445
2026-06-21 05:45:00,64230.0,64230.1,64172.4,64172.5,1.20822161
2026-06-21 05:50:00,64172.4,64172.4,64159.6,64165.1,0.52770234
2026-06-21 05:55:00,64165.1,64172.9,64165.0,64172.7,0.18572555
2026-06-21 06:00:00,64172.7,64172.7,64149.6,64149.6,1.87662311
2026-06-21 06:05:00,64149.5,64149.5,64118.3,64118.3,1.03736788
2026-06-21 06:10:00,64118.4,64118.4,64118.3,64118.3,0.13878879
2026-06-21 06:15:00,64118.4,64153.9,64118.3,64153.9,1.79145002
2026-06-21 06:20:00,64153.9,64179.4,64153.9,64179.4,0.1522675
2026-06-21 06:25:00,64179.4,64202.2,64179.3,64202.2,1.07698872
2026-06-21 06:30:00,64202.3,64202.3,64175.9,64176.0,0.98345665
2026-06-21 06:35:00,64175.9,64224.4,64175.9,64222.6,0.1813688
2026-06-21 06:40:00,64222.7,64240.9,64222.7,64240.8,0.31570419
2026-06-21 06:45:00,64233.6,64233.7,64222.7,64222.8,0.2155624
2026-06-21 06:50:00,64222.8,64222.8,64214.8,64214.9,0.09277528
2026-06-21 06:55:00,64214.9,64214.9,64214.8,64214.9,0.03239572
2026-06-21 07:00:00,64214.9,64214.9,64167.7,64167.8,0.39248187
2026-06-21 07:05:00,64167.7,64190.8,64167.7,64181.9,0.65245003
2026-06-21 07:10:00,64178.9,64178.9,64172.3,64173.8,0.11299421
2026-06-21 07:15:00,64173.7,64179.0,64172.3,64172.3,1.30404381
2026-06-21 07:20:00,64166.6,64166.6,64130.8,64130.9,1.21129304
2026-06-21 07:25:00,64130.8,64130.8,64103.1,64103.1,1.35632898
2026-06-21 07:30:00,64103.2,64138.4,64103.1,64133.8,0.8018479
2026-06-21 07:35:00,64135.7,64163.8,64134.9,64160.6,4.28420428
2026-06-21 07:40:00,64160.6,64160.6,64130.4,64157.2,0.21225652
2026-06-21 07:45:00,64157.1,64170.6,64150.0,64150.1,0.50630262
2026-06-21 07:50:00,64155.5,64155.6,64130.0,64130.0,0.36973581
2026-06-21 07:55:00,64124.5,64124.5,64106.0,64120.3,0.39534089
2026-06-21 08:00:00,64120.3,64136.9,64120.2,64127.5,0.31987452
2026-06-21 08:05:00,64124.6,64124.6,64049.3,64049.3,1.44593049
2026-06-21 08:10:00,64049.4,64081.3,64049.3,64057.4,0.37909366
2026-06-21 08:15:00,64057.3,64057.3,64009.4,64014.5,3.60669101
2026-06-21 08:20:00,64014.5,64014.5,64000.0,64000.1,0.64017787
2026-06-21 08:25:00,64000.0,64018.7,63931.9,63974.0,55.7494449
2026-06-21 08:30:00,63974.0,63974.0,63888.2,63888.2,0.87570157
2026-06-21 08:35:00,63888.1,63904.3,63840.9,63887.6,2.51606486
2026-06-21 08:40:00,63887.6,63887.6,63862.0,63881.0,0.293524
2026-06-21 08:45:00,63885.3,63885.4,63856.3,63856.3,0.34959287
2026-06-21 08:50:00,63856.4,63889.2,63856.3,63884.7,11.68107489
2026-06-21 08:55:00,63883.7,63924.5,63883.6,63924.5,0.15962345
2026-06-21 09:00:00,63924.5,63937.8,63886.3,63922.7,5.91194896
2026-06-21 09:05:00,63919.7,63931.9,63907.3,63907.3,0.09267335
2026-06-21 09:10:00,63907.3,63907.4,63907.3,63907.4,0.12098092
2026-06-21 09:15:00,63907.4,63919.3,63898.5,63898.6,1.54808525
2026-06-21 09:20:00,63898.5,63939.6,63898.5,63939.5,0.28975717
2026-06-21 09:25:00,63939.5,64006.4,63939.5,63977.2,0.95886602
2026-06-21 09:30:00,63977.3,64012.3,63977.2,64012.3,0.30994502
2026-06-21 09:35:00,64012.3,64132.8,64012.3,64132.8,1.05856294
2026-06-21 09:40:00,64132.7,64140.9,64027.2,64052.1,5.04035215
2026-06-21 09:45:00,64052.1,64066.5,64032.8,64065.3,2.16219601
2026-06-21 09:50:00,64063.6,64110.2,64063.6,64101.8,0.19497824
2026-06-21 09:55:00,64104.8,64140.9,64104.8,64136.6,0.89670821
2026-06-21 10:00:00,64131.1,64162.0,64130.0,64135.1,3.21344641
2026-06-21 10:05:00,64135.0,64188.8,64131.5,64188.7,0.87755627
2026-06-21 10:10:00,64188.8,64190.9,64188.8,64190.8,1.7731432
2026-06-21 10:15:00,64190.9,64190.9,64169.6,64186.1,0.10386257
2026-06-21 10:20:00,64190.8,64307.9,64190.8,64277.9,4.69159652
2026-06-21 10:25:00,64274.8,64274.8,64226.8,64229.0,2.365612
2026-06-21 10:30:00,64228.3,64260.2,64215.8,64235.0,2.66431516
2026-06-21 10:35:00,64235.1,64298.1,64235.1,64265.4,3.17020018
2026-06-21 10:40:00,64265.5,64307.4,64265.4,64276.0,0.32662356
2026-06-21 10:45:00,64276.0,64311.2,64276.0,64311.2,1.30731346
2026-06-21 10:50:00,64311.2,64329.0,64284.1,64284.1,0.27149961
2026-06-21 10:55:00,64284.5,64314.9,64258.7,64280.6,6.08964056
2026-06-21 11:00:00,64280.7,64376.0,64280.6,64329.2,1.33317631
2026-06-21 11:05:00,64315.4,64344.9,64264.3,64344.6,6.1759846
2026-06-21 11:10:00,64344.6,64376.0,64328.8,64344.0,1.19468073
2026-06-21 11:15:00,64343.9,64343.9,64060.1,64127.3,3.298323
2026-06-21 11:20:00,64127.2,64240.9,64127.2,64223.7,3.25020394
2026-06-21 11:25:00,64223.7,64307.9,64223.7,64307.9,2.14196601
2026-06-21 11:30:00,64307.9,64307.9,64190.9,64191.5,2.3007184
2026-06-21 11:35:00,64190.9,64212.6,64183.5,64183.9,5.25955493
2026-06-21 11:40:00,64183.9,64207.3,64157.0,64207.3,4.2898672
2026-06-21 11:45:00,64207.2,64207.3,64182.0,64201.0,0.45508243
2026-06-21 11:50:00,64204.0,64204.0,64047.9,64082.8,0.89533791
2026-06-21 11:55:00,64082.8,64082.9,64061.9,64070.3,0.12396622
2026-06-21 12:00:00,64086.5,64131.0,64067.2,64131.0,0.73228035
2026-06-21 12:05:00,64130.9,64157.7,64108.2,64123.4,0.31969581
2026-06-21 12:10:00,64121.6,64123.4,64000.0,64008.9,2.16576762
2026-06-21 12:15:00,64008.8,64029.6,63941.8,63967.8,2.71533797
2026-06-21 12:20:00,63967.8,63967.8,63926.5,63939.7,1.17816594
2026-06-21 12:25:00,63939.8,63969.0,63939.8,63941.9,0.24024093
2026-06-21 12:30:00,63940.1,63974.9,63934.6,63948.2,0.51608588
2026-06-21 12:35:00,63946.5,63946.5,63900.0,63915.6,1.12496315
2026-06-21 12:40:00,63915.6,64008.8,63915.5,63990.3,0.26659666
2026-06-21 12:45:00,63990.2,64006.5,63980.6,63984.5,0.3350899
2026-06-21 12:50:00,63984.5,64090.9,63984.5,64077.6,0.60308784
2026-06-21 12:55:00,64077.7,64140.9,64048.2,64117.5,1.18235153
2026-06-21 13:00:00,64117.4,64117.4,64044.4,64044.4,0.178002
2026-06-21 13:05:00,64044.5,64107.1,64044.4,64086.0,0.23074011
2026-06-21 13:10:00,64086.0,64112.8,64044.4,64044.4,0.56413164
2026-06-21 13:15:00,64044.5,64092.0,64044.4,64091.3,0.09089534
2026-06-21 13:20:00,64091.2,64091.3,64068.4,64081.7,9.22395466
2026-06-21 13:25:00,64081.8,64091.8,64073.2,64090.6,0.62794664
2026-06-21 13:30:00,64090.8,64090.8,63954.7,63970.4,1.49862469
2026-06-21 13:35:00,63970.5,63973.0,63957.9,63970.4,0.12549233
2026-06-21 13:40:00,63970.3,63974.9,63955.5,63974.9,0.20491849
2026-06-21 13:45:00,63974.8,64002.2,63974.8,63978.6,0.19684781
2026-06-21 13:50:00,63976.6,64022.0,63976.5,64016.4,0.12165266
2026-06-21 13:55:00,64020.0,64063.2,64020.0,64063.2,0.20424488
2026-06-21 14:00:00,64063.2,64064.9,64030.3,64030.3,0.17289512
2026-06-21 14:05:00,64030.4,64057.9,63997.9,64002.6,0.19865535
2026-06-21 14:10:00,64003.1,64019.4,63989.2,63994.6,1.75705307
2026-06-21 14:15:00,63994.7,63994.7,63958.0,63958.1,0.48406245
2026-06-21 14:20:00,63958.1,64012.0,63946.3,64011.7,0.63524659
2026-06-21 14:25:00,64011.9,64017.2,63967.3,63967.4,2.62717853
2026-06-21 14:30:00,63967.4,63967.4,63940.9,63940.9,0.3869095
2026-06-21 14:35:00,63941.0,63983.5,63940.9,63967.6,0.72457707
2026-06-21 14:40:00,63967.5,64000.0,63962.1,63973.1,2.01690712
2026-06-21 14:45:00,63973.1,63973.1,63954.4,63967.4,0.19430237
2026-06-21 14:50:00,63970.5,64000.0,63970.4,64000.0,7.16869667
2026-06-21 14:55:00,64000.0,64064.9,64000.0,64050.7,1.53894323
2026-06-21 15:00:00,64050.7,64170.5,64030.0,64146.3,13.62405255
2026-06-21 15:05:00,64146.3,64200.0,64100.0,64145.6,1.06701298
2026-06-21 15:10:00,64161.5,64161.5,64107.2,64127.5,0.16464154
2026-06-21 15:15:00,64127.5,64162.4,64127.4,64139.7,0.6492971
2026-06-21 15:20:00,64139.7,64139.7,64106.5,64123.3,0.23929839
2026-06-21 15:25:00,64123.2,64194.1,64122.4,64194.1,0.19806159
2026-06-21 15:30:00,64194.1,64194.1,64123.2,64123.2,0.24191188
2026-06-21 15:35:00,64123.3,64190.0,64116.6,64189.9,4.46550201
2026-06-21 15:40:00,64190.0,64261.2,64171.6,64216.9,6.40595591
2026-06-21 15:45:00,64216.8,64237.7,64185.1,64185.1,1.34479544
2026-06-21 15:50:00,64182.1,64188.0,64171.9,64172.2,0.25816105
2026-06-21 15:55:00,64172.3,64172.3,64150.0,64150.1,0.32082767
2026-06-21 16:00:00,64150.0,64172.3,64117.9,64159.7,1.25191235
2026-06-21 16:05:00,64159.7,64159.7,64117.7,64124.1,0.20092969
2026-06-21 16:10:00,64124.1,64124.1,64041.0,64060.5,0.66828596
2026-06-21 16:15:00,64068.1,64110.7,64043.9,64110.7,0.42999606
2026-06-21 16:20:00,64110.6,64161.9,64108.4,64142.7,0.15168854
2026-06-21 16:25:00,64142.7,64142.7,64097.4,64097.6,0.38845274
2026-06-21 16:30:00,64097.6,64110.0,63983.8,63983.9,1.37165611
2026-06-21 16:35:00,63983.9,64016.7,63969.2,63975.1,2.21770572
2026-06-21 16:40:00,63975.1,64034.7,63969.2,64030.4,0.71566745
2026-06-21 16:45:00,64030.3,64080.3,64027.0,64079.1,0.23042357
2026-06-21 16:50:00,64079.1,64120.3,64073.2,64073.3,2.34612831
2026-06-21 16:55:00,64073.3,64079.9,64058.5,64059.0,0.29694488
2026-06-21 17:00:00,64059.0,64106.1,64039.8,64106.1,0.18520294
2026-06-21 17:05:00,64109.8,64140.7,64109.7,64132.4,0.27283476
2026-06-21 17:10:00,64132.4,64132.4,64117.0,64132.4,0.14177628
2026-06-21 17:15:00,64132.4,64132.4,64087.9,64097.1,0.62935904
2026-06-21 17:20:00,64097.7,64097.7,64082.1,64083.1,0.08333525
2026-06-21 17:25:00,64083.1,64083.6,64021.0,64024.5,0.80765015
2026-06-21 17:30:00,64024.5,64024.9,64013.9,64014.0,0.18579724
2026-06-21 17:35:00,64013.9,64014.0,64000.0,64006.8,0.12639255
2026-06-21 17:40:00,64006.8,64045.4,64000.0,64045.3,1.15575136
2026-06-21 17:45:00,64045.3,64097.7,64045.3,64097.7,0.45866463
2026-06-21 17:50:00,64097.7,64097.7,64097.6,64097.6,0.10633094
2026-06-21 17:55:00,64097.7,64097.7,63952.2,64061.2,158.19904485
2026-06-21 18:00:00,64059.4,64063.4,63900.0,63900.2,3.93312109
2026-06-21 18:05:00,63900.2,63964.8,63880.5,63915.7,1.62239414
2026-06-21 18:10:00,63915.7,63924.2,63915.6,63924.2,0.64719945
2026-06-21 18:15:00,63924.2,63933.5,63924.2,63931.0,7.61514482
2026-06-21 18:20:00,63931.1,63951.1,63930.0,63942.3,0.14146848
2026-06-21 18:25:00,63942.3,63971.5,63942.2,63963.4,0.23182063
2026-06-21 18:30:00,63963.4,64108.7,63955.2,64069.3,4.50620703
2026-06-21 18:35:00,64071.7,64140.9,64065.9,64133.9,3.7229839
2026-06-21 18:40:00,64126.8,64126.9,64082.6,64098.2,1.48557437
2026-06-21 18:45:00,64098.1,64120.0,64073.2,64112.1,16.66911302
2026-06-21 18:50:00,64112.1,64131.5,64060.9,64131.5,20.02650226
2026-06-21 18:55:00,64127.8,64127.8,64100.0,64114.3,0.70611266
2026-06-21 19:00:00,64114.9,64207.7,64113.8,64113.8,13.0430536
2026-06-21 19:05:00,64100.1,64105.7,64100.0,64100.1,0.71033963
2026-06-21 19:10:00,64100.1,64157.1,64100.0,64146.3,6.22780649
2026-06-21 19:15:00,64146.3,64146.3,64111.4,64138.6,0.22958808
2026-06-21 19:20:00,64138.7,64156.5,64138.6,64138.7,0.18527344
2026-06-21 19:25:00,64138.7,64158.8,64138.6,64139.2,0.27243265
2026-06-21 19:30:00,64139.3,64162.6,64138.7,64138.7,1.0016519
2026-06-21 19:35:00,64138.7,64138.7,64105.0,64133.6,0.28530796
2026-06-21 19:40:00,64133.6,64142.7,64133.6,64133.7,0.85158595
2026-06-21 19:45:00,64133.6,64133.7,64105.4,64124.5,12.28511643
2026-06-21 19:50:00,64130.6,64148.5,64130.6,64139.4,0.74835269
2026-06-21 19:55:00,64139.4,64139.5,64134.8,64136.6,1.12242948
2026-06-21 20:00:00,64136.6,64136.6,64106.3,64111.0,0.34044712
2026-06-21 20:05:00,64111.0,64187.4,64110.9,64156.3,0.38882981
2026-06-21 20:10:00,64155.7,64155.7,64054.7,64089.6,4.03816774
2026-06-21 20:15:00,64089.7,64089.7,63981.4,63991.1,4.95449156
2026-06-21 20:20:00,63994.6,64049.1,63994.6,64042.8,4.32841575
2026-06-21 20:25:00,64042.9,64042.9,64015.6,64031.9,0.15274784
2026-06-21 20:30:00,64031.9,64053.6,63977.1,63977.2,0.45216441
2026-06-21 20:35:00,63977.2,63996.6,63950.0,63950.0,0.24982411
2026-06-21 20:40:00,63950.0,63950.0,63890.9,63897.4,1.09648743
2026-06-21 20:45:00,63897.3,63897.3,63617.1,63672.8,17.57339763
2026-06-21 20:50:00,63672.9,63767.6,63640.1,63767.0,11.17387675
2026-06-21 20:55:00,63767.1,63767.1,63684.2,63758.1,1.68248277
2026-06-21 21:00:00,63758.1,63800.1,63756.9,63757.0,2.10046076
2026-06-21 21:05:00,63757.0,63757.0,63490.7,63490.7,12.74899815
2026-06-21 21:10:00,63490.8,63583.2,63458.8,63542.2,4.77191616
2026-06-21 21:15:00,63542.1,63600.0,63440.9,63506.7,3.07567944
2026-06-21 21:20:00,63506.7,63690.9,63506.7,63619.4,2.25502836
2026-06-21 21:25:00,63619.3,63660.1,63564.1,63618.7,4.39417775
2026-06-21 21:30:00,63614.9,63690.9,63614.1,63690.8,0.39236266
2026-06-21 21:35:00,63690.8,63872.4,63640.1,63864.8,14.32106665
2026-06-21 21:40:00,63864.8,63872.8,63797.5,63798.5,1.84266873
2026-06-21 21:45:00,63798.4,63854.9,63757.8,63808.5,7.34887175
2026-06-21 21:50:00,63810.6,63810.6,63719.5,63738.1,1.56952363
2026-06-21 21:55:00,63738.1,63738.1,63701.7,63729.4,0.2758943
2026-06-21 22:00:00,63729.7,63770.0,63591.1,63711.7,2.71073619
2026-06-21 22:05:00,63714.2,63719.6,63528.8,63528.8,3.7555929
2026-06-21 22:10:00,63521.2,63592.1,63506.6,63552.0,4.87547292
2026-06-21 22:15:00,63556.6,63678.2,63556.6,63618.7,15.50187074
2026-06-21 22:20:00,63618.9,63687.5,63590.5,63655.1,2.38187565
2026-06-21 22:25:00,63647.5,63690.9,63629.8,63647.5,0.20008429
2026-06-21 22:30:00,63648.4,63648.4,63506.6,63506.6,1.63587224
2026-06-21 22:35:00,63506.6,63558.5,63506.6,63545.6,0.23618289
2026-06-21 22:40:00,63539.0,63607.5,63520.7,63597.3,0.43545686
2026-06-21 22:45:00,63594.4,63619.8,63580.1,63612.7,0.76358954
2026-06-21 22:50:00,63625.8,63720.1,63625.7,63720.1,1.14987947
2026-06-21 22:55:00,63720.1,63868.1,63704.1,63725.1,149.62411332
2026-06-21 23:00:00,63725.1,63725.1,63551.8,63606.2,2.82618896
2026-06-21 23:05:00,63612.4,63685.5,63612.4,63685.5,32.25392537
2026-06-21 23:10:00,63685.4,63688.6,63615.7,63636.3,45.99843562
2026-06-21 23:15:00,63636.2,63674.8,63613.3,63663.6,35.188639
2026-06-21 23:20:00,63663.5,63716.8,63657.2,63708.6,0.78822744
2026-06-21 23:25:00,63708.7,63708.7,63565.1,63565.1,0.48266615
2026-06-21 23:30:00,63565.8,63579.6,63278.3,63321.2,29.8845566
2026-06-21 23:35:00,63321.8,63332.6,63247.5,63310.9,15.03315715
2026-06-21 23:40:00,63300.3,63340.5,63240.9,63241.0,1.73550837
2026-06-21 23:45:00,63242.0,63295.9,63214.0,63274.8,1.97346782
2026-06-21 23:50:00,63274.9,63312.5,63225.8,63225.8,3.55428533
2026-06-21 23:55:00,63224.8,63264.0,63224.7,63234.0,0.66721376
2026-06-22 00:00:00,63234.0,63381.6,63234.0,63360.5,2.30448084
2026-06-22 00:05:00,63360.5,63490.9,63360.5,63490.9,2.98187074
2026-06-22 00:10:00,63490.9,63519.5,63366.9,63441.2,6.41716101
2026-06-22 00:15:00,63441.1,63666.2,63419.1,63562.5,3.45811713
2026-06-22 00:20:00,63562.2,63597.0,63473.4,63558.4,1.06936784
2026-06-22 00:25:00,63566.1,63640.8,63555.5,63640.8,0.61803477
2026-06-22 00:30:00,63640.8,63742.6,63631.4,63664.0,3.49979946
2026-06-22 00:35:00,63664.0,64000.0,63664.0,63900.9,10.10684344
2026-06-22 00:40:00,63900.9,63936.8,63841.0,63852.1,2.24232063
2026-06-22 00:45:00,63849.9,63849.9,63842.6,63842.6,0.07365783
